<?xml version="1.0" encoding="UTF-8"?>
<export version="D">
  <design>
    <source>C:/Users/adahal/Desktop/AJ/FINAL lm324m_Line/lm324m_Line/lm324_line.sch</source>
    <date>2/3/2020 8:35:29 AM</date>
    <tool>Eeschema 4.0.6</tool>
    <sheet number="1" name="/" tstamps="/">
      <title_block>
        <title>Line follower LM324N</title>
        <company/>
        <rev>v01</rev>
        <date>2020-01-27</date>
        <source>lm324_line.sch</source>
        <comment number="1" value=""/>
        <comment number="2" value=""/>
        <comment number="3" value="Hunter Engineering Company 04"/>
        <comment number="4" value="Author: Ajaya Dahal (AJ)"/>
      </title_block>
    </sheet>
  </design>
  <components>
    <comp ref="R2">
      <value>1k</value>
      <footprint>Resistors_THT:R_Axial_DIN0204_L3.6mm_D1.6mm_P7.62mm_Horizontal</footprint>
      <libsource lib="device" part="R"/>
      <sheetpath names="/" tstamps="/"/>
      <tstamp>5E2F0D37</tstamp>
    </comp>
    <comp ref="R9">
      <value>470</value>
      <footprint>Resistors_THT:R_Axial_DIN0204_L3.6mm_D1.6mm_P7.62mm_Horizontal</footprint>
      <libsource lib="device" part="R"/>
      <sheetpath names="/" tstamps="/"/>
      <tstamp>5E2F0F90</tstamp>
    </comp>
    <comp ref="R7">
      <value>10k</value>
      <footprint>Resistors_THT:R_Axial_DIN0204_L3.6mm_D1.6mm_P7.62mm_Horizontal</footprint>
      <libsource lib="device" part="R"/>
      <sheetpath names="/" tstamps="/"/>
      <tstamp>5E2F1035</tstamp>
    </comp>
    <comp ref="D4">
      <value>LED</value>
      <footprint>LEDs:LED_D3.0mm</footprint>
      <libsource lib="device" part="LED"/>
      <sheetpath names="/" tstamps="/"/>
      <tstamp>5E2F2918</tstamp>
    </comp>
    <comp ref="Q1">
      <value>2N3904</value>
      <footprint>2N3904:TO92127P495H495-3</footprint>
      <datasheet>February 2003</datasheet>
      <fields>
        <field name="Field4">STMicroelectronics</field>
        <field name="Field5">4.95 mm</field>
        <field name="Field6">IPC 7351B</field>
      </fields>
      <libsource lib="2N3904" part="2N3904"/>
      <sheetpath names="/" tstamps="/"/>
      <tstamp>5E2F3B6C</tstamp>
    </comp>
    <comp ref="R6">
      <value>10k</value>
      <footprint>pot:TRIM_3266W-1-103LF</footprint>
      <libsource lib="device" part="R_Variable"/>
      <sheetpath names="/" tstamps="/"/>
      <tstamp>5E2F404C</tstamp>
    </comp>
    <comp ref="R5">
      <value>10k</value>
      <footprint>pot:TRIM_3266W-1-103LF</footprint>
      <libsource lib="device" part="R_Variable"/>
      <sheetpath names="/" tstamps="/"/>
      <tstamp>5E2F419D</tstamp>
    </comp>
    <comp ref="D1">
      <value>1N4001</value>
      <footprint>Diodes_THT:D_DO-41_SOD81_P12.70mm_Horizontal</footprint>
      <libsource lib="Diode" part="1N4001"/>
      <sheetpath names="/" tstamps="/"/>
      <tstamp>5E2F4C59</tstamp>
    </comp>
    <comp ref="J1">
      <value>CONN_01X02_MALE</value>
      <footprint>2 pin male connector:2_pin_male_connector</footprint>
      <libsource lib="conn" part="CONN_01X02_MALE"/>
      <sheetpath names="/" tstamps="/"/>
      <tstamp>5E3009FD</tstamp>
    </comp>
    <comp ref="J2">
      <value>CONN_01X02_MALE</value>
      <footprint>2 pin male connector:2_pin_male_connector</footprint>
      <libsource lib="conn" part="CONN_01X02_MALE"/>
      <sheetpath names="/" tstamps="/"/>
      <tstamp>5E300AE7</tstamp>
    </comp>
    <comp ref="K1">
      <value>EC2-5NU</value>
      <footprint>EC2-5NU:RELAY_EC2-5NU</footprint>
      <datasheet>Manufacturer recommendations</datasheet>
      <fields>
        <field name="Field4">9.4mm</field>
        <field name="Field5">Kemet</field>
        <field name="Field6">8/8/2017</field>
      </fields>
      <libsource lib="EC2-5NU" part="EC2-5NU"/>
      <sheetpath names="/" tstamps="/"/>
      <tstamp>5E301B9B</tstamp>
    </comp>
    <comp ref="U1">
      <value>lm324</value>
      <footprint>lm324_line:LM324N</footprint>
      <libsource lib="lm324_line" part="lm324"/>
      <sheetpath names="/" tstamps="/"/>
      <tstamp>5E2F1555</tstamp>
    </comp>
    <comp ref="J3">
      <value>CONN_01X02_MALE</value>
      <footprint>2 pin male connector:2_pin_male_connector</footprint>
      <libsource lib="conn" part="CONN_01X02_MALE"/>
      <sheetpath names="/" tstamps="/"/>
      <tstamp>5E30092A</tstamp>
    </comp>
    <comp ref="R10">
      <value>470</value>
      <footprint>Resistors_THT:R_Axial_DIN0204_L3.6mm_D1.6mm_P7.62mm_Horizontal</footprint>
      <libsource lib="device" part="R"/>
      <sheetpath names="/" tstamps="/"/>
      <tstamp>5E3115BB</tstamp>
    </comp>
    <comp ref="R8">
      <value>10k</value>
      <footprint>Resistors_THT:R_Axial_DIN0204_L3.6mm_D1.6mm_P7.62mm_Horizontal</footprint>
      <libsource lib="device" part="R"/>
      <sheetpath names="/" tstamps="/"/>
      <tstamp>5E3115C1</tstamp>
    </comp>
    <comp ref="Q2">
      <value>2N3904</value>
      <footprint>2N3904:TO92127P495H495-3</footprint>
      <datasheet>February 2003</datasheet>
      <fields>
        <field name="Field4">STMicroelectronics</field>
        <field name="Field5">4.95 mm</field>
        <field name="Field6">IPC 7351B</field>
      </fields>
      <libsource lib="2N3904" part="2N3904"/>
      <sheetpath names="/" tstamps="/"/>
      <tstamp>5E3159F2</tstamp>
    </comp>
    <comp ref="D2">
      <value>1N4001</value>
      <footprint>Diodes_THT:D_DO-41_SOD81_P12.70mm_Horizontal</footprint>
      <libsource lib="Diode" part="1N4001"/>
      <sheetpath names="/" tstamps="/"/>
      <tstamp>5E3159F8</tstamp>
    </comp>
    <comp ref="J4">
      <value>CONN_01X02_MALE</value>
      <footprint>2 pin male connector:2_pin_male_connector</footprint>
      <libsource lib="conn" part="CONN_01X02_MALE"/>
      <sheetpath names="/" tstamps="/"/>
      <tstamp>5E3159FE</tstamp>
    </comp>
    <comp ref="K2">
      <value>EC2-5NU</value>
      <footprint>EC2-5NU:RELAY_EC2-5NU</footprint>
      <datasheet>Manufacturer recommendations</datasheet>
      <fields>
        <field name="Field4">9.4mm</field>
        <field name="Field5">Kemet</field>
        <field name="Field6">8/8/2017</field>
      </fields>
      <libsource lib="EC2-5NU" part="EC2-5NU"/>
      <sheetpath names="/" tstamps="/"/>
      <tstamp>5E315A07</tstamp>
    </comp>
    <comp ref="R1">
      <value>1k</value>
      <footprint>Resistors_THT:R_Axial_DIN0204_L3.6mm_D1.6mm_P7.62mm_Horizontal</footprint>
      <libsource lib="device" part="R"/>
      <sheetpath names="/" tstamps="/"/>
      <tstamp>5E3185AE</tstamp>
    </comp>
    <comp ref="D3">
      <value>LED</value>
      <footprint>LEDs:LED_D3.0mm</footprint>
      <libsource lib="device" part="LED"/>
      <sheetpath names="/" tstamps="/"/>
      <tstamp>5E3185B4</tstamp>
    </comp>
    <comp ref="R4">
      <value>270</value>
      <footprint>Resistors_THT:R_Axial_DIN0207_L6.3mm_D2.5mm_P7.62mm_Horizontal</footprint>
      <libsource lib="device" part="R"/>
      <sheetpath names="/" tstamps="/"/>
      <tstamp>5E3206CB</tstamp>
    </comp>
    <comp ref="R3">
      <value>270</value>
      <footprint>Resistors_THT:R_Axial_DIN0207_L6.3mm_D2.5mm_P7.62mm_Horizontal</footprint>
      <libsource lib="device" part="R"/>
      <sheetpath names="/" tstamps="/"/>
      <tstamp>5E3207AC</tstamp>
    </comp>
    <comp ref="J5">
      <value>Screw_Terminal_1x02</value>
      <footprint>Connectors_Terminal_Blocks:TerminalBlock_bornier-2_P5.08mm</footprint>
      <libsource lib="conn" part="Screw_Terminal_1x02"/>
      <sheetpath names="/" tstamps="/"/>
      <tstamp>5E332E79</tstamp>
    </comp>
  </components>
  <libparts>
    <libpart lib="Diode" part="1N4001">
      <aliases>
        <alias>1N4002</alias>
        <alias>1N4003</alias>
        <alias>1N4004</alias>
        <alias>1N4005</alias>
        <alias>1N4006</alias>
        <alias>1N4007</alias>
        <alias>BA157</alias>
        <alias>BA158</alias>
        <alias>BA159</alias>
      </aliases>
      <footprints>
        <fp>D*DO?41*</fp>
      </footprints>
      <fields>
        <field name="Reference">D</field>
        <field name="Value">1N4001</field>
        <field name="Footprint">Diode_THT:D_DO-41_SOD81_P10.16mm_Horizontal</field>
      </fields>
      <pins>
        <pin num="1" name="K" type="passive"/>
        <pin num="2" name="A" type="passive"/>
      </pins>
    </libpart>
    <libpart lib="2N3904" part="2N3904">
      <fields>
        <field name="Reference">Q</field>
        <field name="Value">2N3904</field>
        <field name="Footprint">TO92127P495H495-3</field>
        <field name="Datasheet">February 2003</field>
        <field name="Field4">STMicroelectronics</field>
        <field name="Field5">4.95 mm</field>
        <field name="Field6">IPC 7351B</field>
      </fields>
      <pins>
        <pin num="1" name="E" type="passive"/>
        <pin num="2" name="B" type="passive"/>
        <pin num="3" name="C" type="passive"/>
      </pins>
    </libpart>
    <libpart lib="conn" part="CONN_01X02_MALE">
      <description>Generic Male Connector, single row, 01x02, pin header</description>
      <fields>
        <field name="Reference">J</field>
        <field name="Value">CONN_01X02_MALE</field>
      </fields>
      <pins>
        <pin num="1" name="1" type="passive"/>
        <pin num="2" name="2" type="passive"/>
      </pins>
    </libpart>
    <libpart lib="EC2-5NU" part="EC2-5NU">
      <fields>
        <field name="Reference">K</field>
        <field name="Value">EC2-5NU</field>
        <field name="Footprint">RELAY_EC2-5NU</field>
        <field name="Datasheet">Manufacturer recommendations</field>
        <field name="Field4">9.4mm</field>
        <field name="Field5">Kemet</field>
        <field name="Field6">8/8/2017</field>
      </fields>
      <pins>
        <pin num="1" name="1" type="passive"/>
        <pin num="3" name="3" type="passive"/>
        <pin num="4" name="4" type="passive"/>
        <pin num="5" name="5" type="passive"/>
        <pin num="8" name="8" type="passive"/>
        <pin num="9" name="9" type="passive"/>
        <pin num="10" name="10" type="passive"/>
        <pin num="12" name="12" type="passive"/>
      </pins>
    </libpart>
    <libpart lib="device" part="LED">
      <description>LED generic</description>
      <footprints>
        <fp>LED*</fp>
      </footprints>
      <fields>
        <field name="Reference">D</field>
        <field name="Value">LED</field>
      </fields>
      <pins>
        <pin num="1" name="K" type="passive"/>
        <pin num="2" name="A" type="passive"/>
      </pins>
    </libpart>
    <libpart lib="device" part="R">
      <description>Resistor</description>
      <footprints>
        <fp>R_*</fp>
        <fp>R_*</fp>
      </footprints>
      <fields>
        <field name="Reference">R</field>
        <field name="Value">R</field>
      </fields>
      <pins>
        <pin num="1" name="~" type="passive"/>
        <pin num="2" name="~" type="passive"/>
      </pins>
    </libpart>
    <libpart lib="device" part="R_Variable">
      <description>variable Resistor (Rheostat)</description>
      <footprints>
        <fp>R_*</fp>
      </footprints>
      <fields>
        <field name="Reference">R</field>
        <field name="Value">R_Variable</field>
      </fields>
      <pins>
        <pin num="1" name="~" type="passive"/>
        <pin num="2" name="~" type="passive"/>
      </pins>
    </libpart>
    <libpart lib="conn" part="Screw_Terminal_1x02">
      <description>2-pin screw terminal connector</description>
      <footprints>
        <fp>bornier2</fp>
        <fp>TerminalBlock*2pol</fp>
      </footprints>
      <fields>
        <field name="Reference">J</field>
        <field name="Value">Screw_Terminal_1x02</field>
      </fields>
      <pins>
        <pin num="1" name="~" type="passive"/>
        <pin num="2" name="~" type="passive"/>
      </pins>
    </libpart>
    <libpart lib="lm324_line" part="lm324">
      <fields>
        <field name="Reference">U</field>
        <field name="Value">lm324</field>
      </fields>
      <pins>
        <pin num="1" name="OUTPUT_1" type="input"/>
        <pin num="2" name="INPUT1-" type="input"/>
        <pin num="3" name="INPUT1+" type="input"/>
        <pin num="4" name="V+" type="power_in"/>
        <pin num="5" name="INPUT2_+" type="input"/>
        <pin num="6" name="INPUT2-" type="input"/>
        <pin num="7" name="OUTPUT2" type="input"/>
        <pin num="8" name="OUTPUT3" type="input"/>
        <pin num="9" name="INPUT3-" type="input"/>
        <pin num="10" name="INPUT3+" type="input"/>
        <pin num="11" name="GND" type="power_in"/>
        <pin num="12" name="INPUT4+" type="input"/>
        <pin num="13" name="INPUT4-" type="input"/>
        <pin num="14" name="OUTPUT4" type="input"/>
      </pins>
    </libpart>
  </libparts>
  <libraries>
    <library logical="2N3904">
      <uri>C:\Users\adahal\Desktop\AJ\FINAL lm324m_Line\lm324m_Line\2N3904.lib</uri>
    </library>
    <library logical="Diode">
      <uri>C:\Users\adahal\Desktop\AJ\FINAL lm324m_Line\lm324m_Line\Diode\Diode.lib</uri>
    </library>
    <library logical="lm324_line">
      <uri>C:\Users\adahal\Desktop\AJ\FINAL lm324m_Line\lm324m_Line\lm324_line.lib</uri>
    </library>
    <library logical="EC2-5NU">
      <uri>C:\Users\adahal\Desktop\AJ\FINAL lm324m_Line\lm324m_Line\EC2-5NU\EC2-5NU.lib</uri>
    </library>
    <library logical="conn">
      <uri>C:\Program Files\KiCad\share\kicad\library\conn.lib</uri>
    </library>
    <library logical="device">
      <uri>C:\Program Files\KiCad\share\kicad\library\device.lib</uri>
    </library>
  </libraries>
  <nets>
    <net code="1" name="Net-(D2-Pad2)">
      <node ref="D2" pin="2"/>
      <node ref="Q2" pin="3"/>
      <node ref="K2" pin="12"/>
    </net>
    <net code="2" name="Net-(D1-Pad1)">
      <node ref="K1" pin="1"/>
      <node ref="D1" pin="1"/>
    </net>
    <net code="3" name="Net-(D1-Pad2)">
      <node ref="K1" pin="12"/>
      <node ref="D1" pin="2"/>
      <node ref="Q1" pin="3"/>
    </net>
    <net code="4" name="Net-(J1-Pad2)">
      <node ref="K1" pin="5"/>
      <node ref="J1" pin="2"/>
    </net>
    <net code="5" name="Net-(J1-Pad1)">
      <node ref="J1" pin="1"/>
      <node ref="K1" pin="4"/>
    </net>
    <net code="6" name="Net-(D2-Pad1)">
      <node ref="K2" pin="1"/>
      <node ref="D2" pin="1"/>
    </net>
    <net code="7" name="Net-(J4-Pad2)">
      <node ref="J4" pin="2"/>
      <node ref="K2" pin="5"/>
    </net>
    <net code="8" name="Net-(J4-Pad1)">
      <node ref="J4" pin="1"/>
      <node ref="K2" pin="4"/>
    </net>
    <net code="9" name="Net-(Q2-Pad2)">
      <node ref="R2" pin="2"/>
      <node ref="Q2" pin="2"/>
    </net>
    <net code="10" name="Net-(K2-Pad3)">
      <node ref="K2" pin="3"/>
    </net>
    <net code="11" name="Net-(D3-Pad2)">
      <node ref="D3" pin="2"/>
      <node ref="R3" pin="1"/>
    </net>
    <net code="12" name="Net-(K1-Pad10)">
      <node ref="K1" pin="10"/>
    </net>
    <net code="13" name="Net-(K1-Pad9)">
      <node ref="K1" pin="9"/>
    </net>
    <net code="14" name="Net-(K1-Pad8)">
      <node ref="K1" pin="8"/>
    </net>
    <net code="15" name="Net-(K1-Pad3)">
      <node ref="K1" pin="3"/>
    </net>
    <net code="16" name="Net-(K2-Pad10)">
      <node ref="K2" pin="10"/>
    </net>
    <net code="17" name="Net-(K2-Pad9)">
      <node ref="K2" pin="9"/>
    </net>
    <net code="18" name="Net-(K2-Pad8)">
      <node ref="K2" pin="8"/>
    </net>
    <net code="19" name="Net-(D4-Pad2)">
      <node ref="D4" pin="2"/>
      <node ref="R4" pin="1"/>
    </net>
    <net code="20" name="GND">
      <node ref="Q1" pin="1"/>
      <node ref="U1" pin="11"/>
      <node ref="Q2" pin="1"/>
      <node ref="R4" pin="2"/>
      <node ref="J5" pin="1"/>
      <node ref="R3" pin="2"/>
    </net>
    <net code="21" name="OutputPIN4">
      <node ref="U1" pin="14"/>
      <node ref="D3" pin="1"/>
      <node ref="R1" pin="1"/>
    </net>
    <net code="22" name="Net-(Q1-Pad2)">
      <node ref="R1" pin="2"/>
      <node ref="Q1" pin="2"/>
    </net>
    <net code="23" name="Net-(J2-Pad1)">
      <node ref="J2" pin="1"/>
      <node ref="R5" pin="2"/>
      <node ref="R6" pin="2"/>
      <node ref="J3" pin="1"/>
    </net>
    <net code="24" name="Input4+">
      <node ref="R10" pin="2"/>
      <node ref="R5" pin="1"/>
      <node ref="U1" pin="12"/>
    </net>
    <net code="25" name="Net-(U1-Pad8)">
      <node ref="U1" pin="8"/>
    </net>
    <net code="26" name="OutputPIN1">
      <node ref="R2" pin="1"/>
      <node ref="U1" pin="1"/>
      <node ref="D4" pin="1"/>
    </net>
    <net code="27" name="Input1-">
      <node ref="J3" pin="2"/>
      <node ref="J2" pin="2"/>
      <node ref="R8" pin="2"/>
      <node ref="U1" pin="13"/>
      <node ref="U1" pin="2"/>
      <node ref="R7" pin="1"/>
    </net>
    <net code="28" name="Input1+">
      <node ref="U1" pin="3"/>
      <node ref="R6" pin="1"/>
      <node ref="R9" pin="1"/>
    </net>
    <net code="29" name="V+">
      <node ref="R10" pin="1"/>
      <node ref="R8" pin="1"/>
      <node ref="U1" pin="4"/>
      <node ref="R9" pin="2"/>
      <node ref="R7" pin="2"/>
      <node ref="J5" pin="2"/>
    </net>
    <net code="30" name="Net-(U1-Pad5)">
      <node ref="U1" pin="5"/>
    </net>
    <net code="31" name="Net-(U1-Pad6)">
      <node ref="U1" pin="6"/>
    </net>
    <net code="32" name="Net-(U1-Pad7)">
      <node ref="U1" pin="7"/>
    </net>
    <net code="33" name="Net-(U1-Pad9)">
      <node ref="U1" pin="9"/>
    </net>
    <net code="34" name="Net-(U1-Pad10)">
      <node ref="U1" pin="10"/>
    </net>
  </nets>
</export>
